[
    {
      "title": "Men's Royal Suit",
      "price": 50500,
      "count": 1,
      "url": "pic/men6.jpg",
      "description": "Royal elegance defines this suit. Tailored to perfection, it features an Intel Core i3-1115G4 11th Generation processor with up to 4.10 GHz, 8GB RAM, and a 256GB SSD for a sophisticated and powerful look."
    },
    {
      "title": "Men's 3 Piece Full Pair",
      "price": 45980,
      "count": 1,
      "url": "pic/men2.jpg",
      "description": "Step out in style with this 3-piece full pair.this ensemble provides the perfect blend of performance and value. Ideal for a smooth and fashionable experience."
    },
    {
      "title": "Kurta Pair",
      "price": 52385,
      "count": 1,
      "url": "pic/men3.jpg",
      "description": "Indulge in comfort and style with this kurta pair. Featuring a 4-core 11th Gen Intel Core i5-1155G7 processor and Intel Iris Xᵉ graphics, it offers fast processing speeds and stunning visuals for an elevated experience."
    },
    {
      "title": "Men's Suit",
      "price": 30990,
      "count": 1,
      "url": "pic/men4.jpg",
      "description": "Upgrade your wardrobe with this men's suit. The ASUS Vivobook 15 boasts an Intel Celeron N4020, 8GB RAM, and a 512GB SSD. With integrated graphics and a sleek design, it's the smart choice for modern fashion."
    },
    {
      "title": "Full Kurta Pair",
      "price": 35690,
      "count": 1,
      "url": "pic/men5.jpg",
      "description": "Experience elegance with this full kurta pair. The Lenovo IdeaPad Slim 3 features an Intel Core i3 11th Gen processor, 14-inch FHD display, and a 512GB SSD. A perfect blend of style and performance."
    },
    {
      "title": "3 Piece Pair",
      "price": 32990,
      "count": 1,
      "url": "pic/men1.jpg",
      "description": "Elevate your look with this 3-piece pair. The Acer Aspire Lite offers an 11th Gen Intel Core i3-1115G4, 8GB RAM, and a 256GB SSD. With Intel UHD Graphics and a metal body, it's a premium choice for modern men."
    }
    
  ]
  