[
    {
      "title": "Silk Red Saree",
      "price": 5000,
      "count": 1,
      "url": "pic/women1.jpg",
      "description": "Elegance personified with this beautiful silk red saree. Perfect for special occasions."
    },
    {
      "title": "Yellow Saree",
      "price": 5500,
      "count": 1,
      "url": "pic/women5.jpg",
      "description": "Brighten up your day with this vibrant yellow saree. A timeless addition to your wardrobe."
    },
    {
      "title": "Kurti Pair",
      "price": 3500,
      "count": 1,
      "url": "pic/women3.jpg",
      "description": "Comfort meets style with this trendy kurti pair. Ideal for casual outings and gatherings."
    },
    {
      "title": "Western Red Dress",
      "price": 7000,
      "count": 1,
      "url": "pic/women4.jpg",
      "description": "Make a statement in this stunning western red dress. Perfect for a night out or special occasions."
    },
    {
      "title": "Exclusive Chaniya Choli",
      "price": 8000,
      "count": 1,
      "url": "pic/women2.jpg",
      "description": "Traditional meets contemporary with this exclusive chaniya choli. Ideal for festive celebrations."
    },
    {
      "title": "Long Pink Dress",
      "price": 6000,
      "count": 1,
      "url": "pic/women6.jpg",
      "description": "Graceful and charming, this long pink dress is a must-have for your wardrobe. Perfect for special occasions."
    }
  ]
  